{"cameraMode":{"drawMode":0,"name":"Shaded","section":"Shading Mode"},"sceneLighting":true,"audioPlay":false,"sceneViewState":{"showFog":true,"showMaterialUpdate":true,"showSkybox":true,"showFlares":true,"showImageEffects":true,"showParticleSystems":true},"in2DMode":false,"pivot":{"x":44.869998931884769,"y":1.1722307205200196,"z":50.630001068115237},"rotation":{"x":-0.08775584399700165,"y":0.8931208252906799,"z":-0.19907182455062867,"w":-0.39371129870414736},"size":7.067919731140137,"orthographic":false}