{"cameraMode":{"drawMode":0,"name":"Shaded","section":"Shading Mode"},"sceneLighting":true,"audioPlay":false,"sceneViewState":{"showFog":true,"showMaterialUpdate":true,"showSkybox":true,"showFlares":true,"showImageEffects":true,"showParticleSystems":true},"in2DMode":false,"pivot":{"x":51.328857421875,"y":1.1722307205200196,"z":45.73890686035156},"rotation":{"x":-0.10538973659276962,"y":0.5714107751846314,"z":-0.07430355995893479,"w":-0.81047123670578},"size":0.6066539883613586,"orthographic":false}